{
    "greeting": "👋🏻 Привет, {first_name}!\n\n📨 Be Twin — сервис автоматической email-рассылки для битмейкеров\n\n<a href = \"https://telegra.ph/Logistika-i-eyo-sekrety-09-24\">Как работает Be Twin?</a> |<a href = \"https://t.me/urtwinews\"> Be Twin News </a>",
    "support": "📝 Опишите проблему, которая у вас возникла\n<em>Вопросы, предложения, сотрудничество тоже сюда!</em>",
    "registration_info": "Для регистрации требуется:\n✉️ Gmail\n💳 Пароль приложения\n\n<a href = \"https://telegra.ph/Itogi-2023-goda-ili-servis-kotoryj-smog-01-01\">Подробнее о том, как происходит регистрация</a>",
    "profile_content": "🧸 Профиль {first_name}\n———\n✉️ Gmail:\n└ {email}\n\n🎟 Подписка: \n└ {premium}",
    "main_menu_text": "🔮 Выберите действия по кнопкам ниже:",
    "not_registered": "🧸 Увы... У вас еще нет аккаунта\n<em>чтобы запустить рассылку, нужно пройти регистрацию</em>",
    "mailing_registration": "🧸 Увы... У вас еще нет аккаунта\n<em>чтобы запустить рассылку, нужно пройти регистрацию</em>",
    "choose_type_of_mailing": "📮 Выберите тип рассылки ниже:",
    "how_the_bot_works": "📩 Shrink — сервис массовой рассылки почты для битмейкеров\n\nКак работает наш бот? (https://telegra.ph/Kak-rabotaet-Shrink-05-23)",
    "without_subscription_info": "🎟️ Увы… У вас еще нет подписки — вы не можете использовать весь функционал бота и имеете максимальные ограничения\n\n<em>Лимиты: 25 писем в день, до 200 почт в базе, до 20 битов в базе</em>\n<blockquote>Доступные подписки:\n\n🥇подписка premium (450 писем в день, до ∞ почт в базе, до ∞ битов в базе, 50 экстренных писем)\n🥈подписка basic (450 писем в день, до 1800 почт в базе, до 100 битов в базе, 50 экстренных писем)</blockquote>",
    "basic_subscription_info": "🎟 Ваша подписка — <b>basic</b>\n<em>(Действительна еще {0} дней)</em>\n\n<em>Лимиты: 450 писем в день, до 1800 почт в базе, до 100 битов в базе, 50 экстренных писем</em>\n<blockquote>Доступные подписки:\n\n🥇подписка <b>premium</b> (450 писем в день, до ∞ почт в базе, до ∞ битов в базе, 50 экстренных писем)</blockquote>\n<blockquote>⚠️ Вы можете изменить свою подписку без доплаты, дни действия подписки будут обновлены с коэффициентом 0.6</blockquote>",
    "premium_subscription_info": "🎟 Ваша подписка — <b>premium</b>\n<em>(Действительна еще {0} дней)</em>\n\n<em>Лимиты: 450 писем в день, до ∞ почт в базе, до ∞ битов в базе, 20 экстренных писем</em>\n<blockquote>Доступные подписки:\n\n🥈подписка <b>basic</b> (450 писем в день, до 1800 почт в базе, до 100 битов в базе, 50 экстренных писем)</blockquote>\n<blockquote>⚠️ Вы можете изменить свою подписку без доплаты, дни действия подписки будут обновлены с коэффициентом 1.6</blockquote>",
    "change_from_basic": "🥈Подписка <b>basic</b>\n<em>Подписка будет действительна еще <b>{0} дней</b></em>\n\n<b>⚠️ Внимание! Изменив подписку, вы рискуете лишиться почт и битов! (В базе останутся последние загруженные 1800 почт и 100 битов)</b>",
    "change_from_premium": "🥇Подписка <b>premium</b>\n<em>Подписка будет действительна еще <b>{0} дней</b></em>",
    "basic_subscription_price": "🥈Подписка <b>basic</b>\n<b>₽1000 per month</b>",
    "premium_subscription_price": "🥇Подписка <b>premium</b>\n<b>₽1600 per month</b>",
    "wait_to_send_email_addresses": "📭 Отправьте email-адреса артистов  \n<em>(через запятую либо каждую с новой строки)</em>",
    "wait_to_del_email_addresses": "🗑 Отправьте email-адреса, которые хотите удалить\n<em>(через запятую либо каждую с новой строки)</em>",
    "pre_quit_text": "<b>⚠️ Вы уверены, что хотите выйти?\n\nПосле выхода из аккаунта все ваши данные, включая платную подписку, будут удалены. Восстановление этих данных будет невозможно</b>",
    "quantity_text": "🔉 Выберите количество аудио в одном письме по кнопкам ниже:",
    "email_subject_text": "📋 Напишите заголовок к вашим будущим письмам",
    "email_description_button": "📄 Напишите текст к вашим будущим письмам",
    "frequency_button": "🗓 Выберите периодичность отправки писем по кнопкам ниже:",
    "email_scheduler_time": "⏰ Выберите время отправки писем по кнопкам ниже:",
    "add_audio_text": "🎵 Отправьте биты ",
    "del_audio_text": "🗑️ Отправьте биты, которые хотите удалить ",
    "auto_mailing_choice_text":"📮 Выберите действия по кнопкам ниже:",
    "auto_mailing_settings_info": "<b>Текущие параметры письма:</b>\n\n📋 <b>Заголовок письма:</b> {0}\n\n📄 <b>Текст письма:</b> {1}\n\n🗓 <b>Периодичность отправки:</b> {2}\n\n⏰ <b>Время отправки:</b>  {3}\n\n🔉 <b>Количество аудио в одном письме:</b> {4}\n———\n\n⚙️ Выберите настройки которые хотите поменять по кнопкам ниже:",
    "support_screen_text": "📷 Можете приложить скриншот (не обязательно)",
    "user_complain_content": "<b>Подтвердите ваше письмо. Оно будет отправлено на обработку!</b>\n<blockquote>{state_data}</blockquote>",
    "successfull_complaint_cancel": "✅ Ваше сообщение успешно отменено!",
    "new_user_complaint_text": "⬆️ Новая жалоба от пользователя <b>@{username}</b>,\n<b>id: {user_id}</b>:\n",
    "successful_complaint_send": "✅ Ваше сообщение успешно отправлено на обработку!\n\nОжидайте ответа в чате с ботом!",
    "choose_actions_below_text": "🔮 Выберите действия по кнопкам ниже:",
    "successfull_logout_text": "✅ Вы успешно вышли из аккаунта!",
    "user_email_addresses_text":  "✉️ Ваш список почт:\n\n{0}",
    "user_audio_list": "🎹 Ваш список битов:\n",
    "wrong_password_text": "Что-то пошло не так 😩\nПроверьте правильность написания почты и пароля приложения и повторите попытку",
    "successful_update_audio_text": "Вы успешно обновили свой список аудио\nДля его просмотра воспользуйтесь коммандой\n/audio_list",
    "wrong_update_audio_text": "Что то пошло не так, попробуйте обратиться в поддержку \n/support",
    "invalid_audio_format_text": "Вы отправили неправильный формат файла(поддерживается только mp3",
    "after_quit_info_text": "👮🏻‍♂️ Для смены профиля сперва необходимо выйти из вашего аккаунта\n<em>все данные будут удалены, включая подписку</em>",
    "warning_frequency_text": "Первая отправка будет сегодня. Следующая через {0}",
    "empty_audio_list": "🤷🏻‍♂️ Ваш список битов пуст",
    "empty_email_list": "🤷🏻‍♂️ Ваш список почт пуст",
    "add_audio": "✅ Вы успешно добавили аудио ({0})", 
    "call_support": "Что то пошло не так, попробуйте обратиться в поддержку \n/support", 
    "del_audio": "✅ Вы успешно удалили аудио ({0})", 
    "frequency_text": "раз в {0} дня",
    "successful_update_message_text": "✅ Вы успешно обновили своё письмо!", 
    "send_gmail": "Отправьте свой Gmail", 
    "wrong_user_id": "Что-то пошло не так.\nВозможно неправильно введен user_id", 
    "successful_update_value": "Вы успешно установили значение!",
    "successful_send_audio": "Аудиофайл(ы) успешно отправлены на указанные адреса", 
    "extra_menu": "<b>Ваше письмо выглядит так:\n</b>\n<b>📋 Заголовок: </b>{0}\n\n<b>📄 Текст: </b>{1}", 
    "sub_choice": "🎟 Выберите подписку", 
    "limit_audio_list": "Ваш лимит исчерпан. Допустимо только {0}, у вас в базе {1}",
    "limit_email_list": "Ваш лимит исчерпан. Допустимо только {0}, у вас в базе {1}",
    "advice_for_amount": "Совет: Лучше отправлять биты в меньших объемах, но чаще. Так вы будете чаще на виду у артиста, и шанс того, что артист захочет пропустить выше письмо, снизится.",
    "advice_for_frequency": "Совет: Периодичность должна быть выставлена так, чтобы на каждую новую отправку вы успевали сделать достаточное для отправки одного письма количество битов."
}
  